<?xml version="1.0" encoding="UTF-8" ?>
<XMLDB PATH="local/crm1/db" VERSION="20130407" COMMENT="XMLDB file for local crm1 plugin"
       xmlns:xsi="http://www.w3.org/2001/XMLSchema-instance"
       xsi:noNamespaceSchemaLocation="../../../lib/xmldb/xmldb.xsd"
>
    <TABLES>
        <TABLE NAME="local_tejas_meeting" COMMENT="each record is a meeting">
            <FIELDS>
                <FIELD NAME="id" TYPE="int" LENGTH="10" NOTNULL="true" SEQUENCE="true"/>
                <FIELD NAME="meetingtitle" TYPE="text" NOTNULL="true" SEQUENCE="false"/>
                <FIELD NAME="meetingdescription" TYPE="text" NOTNULL="true" SEQUENCE="false"/>
				<FIELD NAME="meetingdate" TYPE="text" NOTNULL="true" SEQUENCE="false"/>
				<FIELD NAME="meetingtime" TYPE="text" NOTNULL="true" SEQUENCE="false"/>
				<FIELD NAME="course_id" TYPE="int" LENGTH="10" NOTNULL="true" SEQUENCE="false"/>
            </FIELDS>
            <KEYS>
                <KEY NAME="primary" TYPE="primary" FIELDS="id"/>
            </KEYS>
        </TABLE>
        
    </TABLES>
</XMLDB>